chain,eid
abstract,30324
animechain,30372
ape,30312
apexfusionnexus,30384
aptos,30108
arbitrum,30110
arbitrum_nova,30175
astar,30210
astar_zkevm,30257
aurora,30211
avalanche,30106
bahamut,30363
base,30184
bb1,30234
beam,30198
berachain,30362
bevm,30317
bitlayer,30314
bl4,30337
bl5,30338
blast,30243
bob,30279
botanix,30376
bouncebit,30293
bsc,30102
camp,30381
canto,30159
celo,30125
codex,30323
concrete,30366
conflux_espace,30212
converge,30400
coredao,30153
corn,30331
cronos,30359
cronos_zkevm,30360
cyber,30283
degen,30267
dexalot,30118
dfk_chain,30115
dinari,30385
dm2_verse,30315
doma,30393
dos_chain,30149
ebi,30282
edu,30328
eon,30215
ethereal,30391
ethereum,30101
etherlink,30292
fantom,30112
flare,30295
flow_evm,30336
fraxtal,30255
fuse,30138
gatelayer,30389
glue,30342
gnosis,30145
goat,30361
gravity,30294
gunz,30371
harmony,30116
hedera,30316
hemi,30329
homeverse,30265
horizen_eon,30215
hubble,30182
humanity,30382
hyperevm,30367
inevm,30234
initia,30326
injectiveevm,30394
ink,30339
intain,30152
iota,30284
islander,30330
japan_open_chain,30285
kaia,30150
katana,30375
kava,30177
lens,30373
lightlink,30309
linea,30183
lisk,30321
loot,30197
lyra,30311
manta_pacific,30217
mantle,30181
masa,30263
merlin,30266
meter,30176
metis,30151
mode,30260
monad,30390
moonbeam,30126
moonriver,30167
morph,30322
movement,30325
mp1,30331
nexera,30395
nibiru,30369
nova,30175
og,30388
okx,30155
opbnb,30202
openledger,30392
optimism,30111
orderly,30213
otherworld_space,30341
peaq,30302
pgn,30218
plasma,30383
plume,30318
plumephoenix,30370
polygon,30109
polygon_zkevm,30158
rari_chain,30235
rarible,30235
real,30237
reya,30313
rootstock,30333
sanko,30278
scroll,30214
sei,30280
shimmer,30230
shrapnel,30148
silicon,30379
skale,30273
solana,30168
somnia,30380
soneium,30340
sonic,30332
sophon,30334
space,30341
stable,30396
story,30364
subtensor_evm,30374
sui,30378
superposition,30327
swell,30335
swimmer,30114
tac,30377
taiko,30290
telosevm,30199
tenet,30173
tiltyard,30238
tomo,30196
ton,30343
tron,30420
unichain,30320
vana,30330
viction,30196
worldchain,30319
x_layer,30274
xai,30236
xchain,30291
xdc,30365
xlayer,30274
xpla,30216
zircuit,30303
zkatana,30257
zkevm,30158
zklink,30301
zksync,30165
zksync_era,30165
zkverify,30386
zora,30195
